ID_Ruta,Nombre_Ruta,NOM_ETAPA,Nombre_completo,Longitud,TIPOLOGIA,Description,id,nombre_en,CCAA_1,Provincia_1
259,Camino Natural Vía Verde del Plazaola,Tramo: Estación de Plazaola - Estación de Lekunberri,Camino Natural Vía Verde del Plazaola Tramo: Estación de Plazaola - Estación de Lekunberri,"19,6608154578",CN por tramos (6),,,,Comunidad Foral de Navarra,Navarra
260,Camino Natural Vía Verde del Plazaola,Tramo: Estación de Lekunberri - Mugiro - Área de Descanso San Migeltxo,Camino Natural Vía Verde del Plazaola Tramo: Estación de Lekunberri - Mugiro - Área de Descanso San Migeltxo,"5,88486228237",CN por tramos (6),,,,Comunidad Foral de Navarra,Navarra
261,Camino Natural Vía Verde del Plazaola,Tramo: Área de Descanso San Migeltxo - Área de Descanso Kaxarna,Camino Natural Vía Verde del Plazaola Tramo: Área de Descanso San Migeltxo - Área de Descanso Kaxarna,"6,34960254037",CN por tramos (6),,,,Comunidad Foral de Navarra,Navarra
262,Camino Natural Vía Verde del Plazaola,Tramo: Trinitarios,Camino Natural Vía Verde del Plazaola Tramo: Trinitarios,"0,90248458977",CN por tramos (6),,,,Comunidad Foral de Navarra,Navarra
293,Camino Natural Vía Verde del Ferrocarril Vasco-Navarro,Tramo: Estella - Murieta,Camino Natural Vía Verde del Ferrocarril Vasco-Navarro Tramo: Estella - Murieta,"13,3423656982",CN por tramos (2),,,,Comunidad Foral de Navarra,Navarra
294,Camino Natural Vía Verde del Plazaola,Tramo: Irurtzun - Sarasa,Camino Natural Vía Verde del Plazaola Tramo: Irurtzun - Sarasa,"9,18634204868",CN por tramos (6),,,,Comunidad Foral de Navarra,Navarra
366,Camino Natural Senda del Pastoreo,Etapa 14: Urbasa - Artaza,Camino Natural Senda del Pastoreo Etapa 14: Urbasa - Artaza,"22,8329082562",CN por etapas (19),,,,Comunidad Foral de Navarra,Navarra
367,Camino Natural Senda del Pastoreo,Etapa 16: Lizarraga - Uharte Arakil,Camino Natural Senda del Pastoreo Etapa 16: Lizarraga - Uharte Arakil,"24,5983160239",CN por etapas (19),,,,Comunidad Foral de Navarra,Navarra
503,Camino Natural Senda del Pastoreo,Etapa 15.1: Ramal Pico Dulantz,Camino Natural Senda del Pastoreo Etapa 15.1: Ramal Pico Dulantz,"0,07638658087",CN por etapas (19),,,,Comunidad Foral de Navarra,Navarra
504,Camino Natural Senda del Pastoreo,Etapa 15: Artaza - Lizarraga,Camino Natural Senda del Pastoreo Etapa 15: Artaza - Lizarraga,"19,5699335604",CN por etapas (19),,,,Comunidad Foral de Navarra,Navarra
516,Camino Natural Vía Verde del Ferrocarril Vasco-Navarro,Tramo: Murieta - Ermita Santo Toribio,Camino Natural Vía Verde del Ferrocarril Vasco-Navarro Tramo: Murieta - Ermita Santo Toribio,"34,7939820612",CN por tramos (2),,,,Comunidad Foral de Navarra,Navarra
594,Camino Natural del Ebro,Etapa 20: Milagro - Tudela,Camino Natural del Ebro Etapa 20: Milagro - Tudela,"34,3506736708",CN por etapas (60),,,,Comunidad Foral de Navarra,Navarra
595,Camino Natural del Ebro,Etapa 21: Tudela-Buñuel,Camino Natural del Ebro Etapa 21: Tudela-Buñuel,"22,7502563618",CN por etapas (60),,,,Comunidad Foral de Navarra,Navarra
1093,GR-220.1. Etapa 01. Circular Miravalles,,GR-220.1. Etapa 01. Circular Miravalles ,"2,7",,,GRXX0220_01E001_0,,Comunidad Foral de Navarra,Navarra
1266,GR-12. Etapa 04. Collado Gorosteta-Collado de Belate,,GR-12. Etapa 04. Collado Gorosteta-Collado de Belate ,"15,31",,,GRXX0012_00E004_0,,Comunidad Foral de Navarra,Navarra
1269,GR-11. Etapa 06. Villanueva de Aezkoa (Hiriberri)-Ochagavía (Otsagabia),,GR-11. Etapa 06. Villanueva de Aezkoa (Hiriberri)-Ochagavía (Otsagabia) ,"20,29",,,GRXX0011_00E006_0,,Comunidad Foral de Navarra,Navarra
1272,GR-225. Etapa 03. Saigots-Sorogain,,GR-225. Etapa 03. Saigots-Sorogain ,"16,54",,,GRXX0225_00E003_0,,Comunidad Foral de Navarra,Navarra
1285,GR-225. Etapa 04. Sorogain-Urepel (Francia),,GR-225. Etapa 04. Sorogain-Urepel (Francia) ,"10,81",,,GRXX0225_00E004_0,,Comunidad Foral de Navarra,Navarra
1307,GR-220. Etapa 05. Eguillor/Egillor-Oteiza/Oteitza,,GR-220. Etapa 05. Eguillor/Egillor-Oteiza/Oteitza ,"19,57",,,GRXX0220_00E005_0,,Comunidad Foral de Navarra,Navarra
1344,GR-11.3. Etapa 02. Lesaka-Elizondo,,GR-11.3. Etapa 02. Lesaka-Elizondo ,"30,75",,,GRXX0011_03E002_0,,Comunidad Foral de Navarra,Navarra
1519,GR-225. Etapa 01. Fuerte Alfonso XI (Monte Ezcaba)-Olave/Olabe,,GR-225. Etapa 01. Fuerte Alfonso XI (Monte Ezcaba)-Olave/Olabe ,"13,77",,,GRXX0225_00E001_0,,Comunidad Foral de Navarra,Navarra
1694,GR-11. Etapa 03. Elizondo-Urkiaga,,GR-11. Etapa 03. Elizondo-Urkiaga ,"17,95",,,GRXX0011_00E003_0,,Comunidad Foral de Navarra,Navarra
1698,GR-11. Etapa 02. Bera-Elizondo,,GR-11. Etapa 02. Bera-Elizondo ,"30,12",,,GRXX0011_00E002_0,,Comunidad Foral de Navarra,Navarra
1798,GR-225. Etapa 02. Olave/Olabe-Saigots,,GR-225. Etapa 02. Olave/Olabe-Saigots ,"14,07",,,GRXX0225_00E002_0,,Comunidad Foral de Navarra,Navarra
1830,GR-220. Etapa 01. Merendero de Zubialdea-Ardanaz/Ardanatz,,GR-220. Etapa 01. Merendero de Zubialdea-Ardanaz/Ardanatz ,"13,17",,,GRXX0220_00E001_0,,Comunidad Foral de Navarra,Navarra
2035,GR-12. Etapa 03. Lekunberri-Collado Gorostieta,,GR-12. Etapa 03. Lekunberri-Collado Gorostieta ,"18,65",,,GRXX0012_00E003_0,,Comunidad Foral de Navarra,Navarra
2049,GR-11.3. Etapa 01. Higer-Lesaka,,GR-11.3. Etapa 01. Higer-Lesaka ,"29,67",,,GRXX0011_03E001_0,,Comunidad Foral de Navarra,Navarra
2052,GR-220. Etapa 02. Ardanaz/Ardanatz-Noáin,,GR-220. Etapa 02. Ardanaz/Ardanatz-Noáin ,"20,57",,,GRXX0220_00E002_0,,Comunidad Foral de Navarra,Navarra
2054,GR-20. Etapa 03. Etxebarri-Iribas,,GR-20. Etapa 03. Etxebarri-Iribas ,"12,95",,,GRXX0020_00E003_0,,Comunidad Foral de Navarra,Navarra
2059,GR-11. Etapa 07. Ochagavía (Otsagabia)-Isaba,,GR-11. Etapa 07. Ochagavía (Otsagabia)-Isaba ,"20,58",,,GRXX0011_00E007_0,,Comunidad Foral de Navarra,Navarra
2269,GR-220. Etapa 06. Oteiza/Oteitza-Merendero de Zubialdea,,GR-220. Etapa 06. Oteiza/Oteitza-Merendero de Zubialdea ,"17,41",,,GRXX0220_00E006_0,,Comunidad Foral de Navarra,Navarra
2303,GR-12. Etapa 07. Collado Azpegi-Puerto Iturzaeta,,GR-12. Etapa 07. Collado Azpegi-Puerto Iturzaeta ,"31,38",,,GRXX0012_00E007_0,,Comunidad Foral de Navarra,Navarra
2304,GR-12. Etapa 05. Collado de Belate-Collado de Aztakarri,,GR-12. Etapa 05. Collado de Belate-Collado de Aztakarri ,"25,69",,,GRXX0012_00E005_0,,Comunidad Foral de Navarra,Navarra
2313,GR-12. Etapa 06. Collado de Aztakarri-Collado Azpegi,,GR-12. Etapa 06. Collado de Aztakarri-Collado Azpegi ,"22,01",,,GRXX0012_00E006_0,,Comunidad Foral de Navarra,Navarra
2321,GR-11. Etapa 05. Burguete (Auritz)-Villanueva de Aezkoa (Hiriberri),,GR-11. Etapa 05. Burguete (Auritz)-Villanueva de Aezkoa (Hiriberri) ,"16,89",,,GRXX0011_00E005_0,,Comunidad Foral de Navarra,Navarra
2327,GR-220. Etapa 04. Belascoáin/Beraskoain-Eguillor/Egillor,,GR-220. Etapa 04. Belascoáin/Beraskoain-Eguillor/Egillor ,"18,5",,,GRXX0220_00E004_0,,Comunidad Foral de Navarra,Navarra
2339,GR-20. Etapa 02. San Miguel de Aralar-Etxeberri,,GR-20. Etapa 02. San Miguel de Aralar-Etxeberri ,"14,01",,,GRXX0020_00E002_0,,Comunidad Foral de Navarra,Navarra
2342,GR-11. Etapa 04. Urkiaga-Burguete (Auritz),,GR-11. Etapa 04. Urkiaga-Burguete (Auritz) ,"17,24",,,GRXX0011_00E004_0,,Comunidad Foral de Navarra,Navarra
2352,GR-220. Etapa 03. Noáin-Belascoáin/Beraskoain,,GR-220. Etapa 03. Noáin-Belascoáin/Beraskoain ,"24,14",,,GRXX0220_00E003_0,,Comunidad Foral de Navarra,Navarra
2412,GR-225.1. Etapa 01. Leranotz-Usetxi,,GR-225.1. Etapa 01. Leranotz-Usetxi ,"4,6",,,GRXX0225_01E001_0,,Comunidad Foral de Navarra,Navarra
2418,GR-20.2. Etapa 01. Aupeta-Arrate,,GR-20.2. Etapa 01. Aupeta-Arrate ,"5,54",,,GRXX0020_02E000_0,,Comunidad Foral de Navarra,Navarra
3696,PR-NA 121. Kornieta,,PR-NA 121. Kornieta ,"13,86",,,PRNA0121_00E000_0,,Comunidad Foral de Navarra,Navarra
3791,PR-NA 194. Iturrixkin-Monte de Arriba,,PR-NA 194. Iturrixkin-Monte de Arriba ,"9,5",,,PRNA0194_00E000_0,,Comunidad Foral de Navarra,Navarra
3835,PR-NA 201. Subida a San Donato Igoera,,PR-NA 201. Subida a San Donato Igoera ,"9,51",,,PRNA0201_00E000_0,,Comunidad Foral de Navarra,Navarra
3915,PR-NA 202. Ruta del Zumaque,,PR-NA 202. Ruta del Zumaque ,"13,18",,,PRNA0202_00E000_0,,Comunidad Foral de Navarra,Navarra
4299,SL-NA-172. Circular de Ezkaba,,SL-NA-172. Circular de Ezkaba ,"7,31",,,SLNA0172_00E000_0,,Comunidad Foral de Navarra,Navarra
4302,SL-NA-131. Aixita,,SL-NA-131. Aixita ,"3,65",,,SLNA0131_00E000_0,,Comunidad Foral de Navarra,Navarra
4324,SL-NA-071. Senderos de Uztarroz,,SL-NA-071. Senderos de Uztarroz ,"3,97",,,SLNA0071_00E000_0,,Comunidad Foral de Navarra,Navarra
4333,SL-NA-076. Camino de la Boca,,SL-NA-076. Camino de la Boca ,"4,91",,,SLNA0076_00E000_0,,Comunidad Foral de Navarra,Navarra
4391,SL-NA-070. Ermita de Idoia,,SL-NA-070. Ermita de Idoia ,"2,13",,,SLNA0070_00E000_0,,Comunidad Foral de Navarra,Navarra
4413,SL-NA-140. Senda de los Pescadores,,SL-NA-140. Senda de los Pescadores ,"1,39",,,SLNA0140_00E000_0,,Comunidad Foral de Navarra,Navarra
4507,VV del Bidasoa,,VV del Bidasoa ,"41,34",,,VVBIDA_021,Bidasoa Greenway,Comunidad Foral de Navarra,Navarra
4561,VV del FC. Vasco Navarro,,VV del FC. Vasco Navarro ,"97,02",,,VVVAN1_133,Vasco - Navarro Railway Greenway,Comunidad Foral de Navarra,Navarra
4610,VV del Plazaola,,VV del Plazaola ,"64,52",,,VVPLAZ_092,Plazaola-Leitzaran Greenway,Comunidad Foral de Navarra,Navarra
252,Camino Natural del Agua Soriano. Camino Antonino,Etapa 6: Tarazona - Tudela (itinerario senderista),Camino Natural del Agua Soriano. Camino Antonino Etapa 6: Tarazona - Tudela (itinerario senderista),"21,7060421618",CN por etapas (6),,,,"Aragón, Comunidad Foral de Navarra","Navarra, Zaragoza"
337,Camino Natural Vía Verde del Tarazonica,,Camino Natural Vía Verde del Tarazonica ,"21,8729134979",Itinerario principal,,,,"Aragón, Comunidad Foral de Navarra","Navarra, Zaragoza"
347,Camino Natural del Ebro,Etapa 16.2: Ramal a Mendavía,Camino Natural del Ebro Etapa 16.2: Ramal a Mendavía,"0,9100327039",CN por etapas (60),,,,"Comunidad Foral de Navarra, La Rioja","La Rioja, Navarra"
363,Camino Natural Senda del Pastoreo,Etapa 11: Okina - Antoñana,Camino Natural Senda del Pastoreo Etapa 11: Okina - Antoñana,"32,3771570216",CN por etapas (19),,,,"Comunidad Foral de Navarra, País Vasco/Euskadi","Araba/Álava, Navarra"
364,Camino Natural Senda del Pastoreo,Etapa 12: Antoñana - San Vicente de Arana,Camino Natural Senda del Pastoreo Etapa 12: Antoñana - San Vicente de Arana,"8,21991375186",CN por etapas (19),,,,"Comunidad Foral de Navarra, País Vasco/Euskadi","Araba/Álava, Navarra"
365,Camino Natural Senda del Pastoreo,Etapa 13: San Vicente de Arana - Urbasa,Camino Natural Senda del Pastoreo Etapa 13: San Vicente de Arana - Urbasa,"32,3859488519",CN por etapas (19),,,,"Comunidad Foral de Navarra, País Vasco/Euskadi","Araba/Álava, Navarra"
368,Camino Natural Senda del Pastoreo,Etapa 17: Uharte Arakil - Lizarrusti,Camino Natural Senda del Pastoreo Etapa 17: Uharte Arakil - Lizarrusti,"24,9609659745",CN por etapas (19),,,,"Comunidad Foral de Navarra, País Vasco/Euskadi","Gipuzkoa, Navarra"
369,Camino Natural Senda del Pastoreo,Etapa 18: Lizarrusti - Mikeleten Etxea,Camino Natural Senda del Pastoreo Etapa 18: Lizarrusti - Mikeleten Etxea,"24,5844647431",CN por etapas (19),,,,"Comunidad Foral de Navarra, País Vasco/Euskadi","Gipuzkoa, Navarra"
517,Camino Natural Vía Verde del Ferrocarril Vasco-Navarro,Ramal Ermita de Ntra. Sra. de Arquijas,Camino Natural Vía Verde del Ferrocarril Vasco-Navarro Ramal Ermita de Ntra. Sra. de Arquijas,"0,67374032669",CN por tramos (2),,,,"Comunidad Foral de Navarra, País Vasco/Euskadi","Araba/Álava, Navarra"
593,Camino Natural del Ebro,Etapa 19: San Adrián - Milagro,Camino Natural del Ebro Etapa 19: San Adrián - Milagro,"29,5211943146",CN por etapas (60),,,,"Comunidad Foral de Navarra, La Rioja","La Rioja, Navarra"
615,Camino Natural del Ebro,Etapa 19.1: San Adrián - Rincón del Soto,Camino Natural del Ebro Etapa 19.1: San Adrián - Rincón del Soto,"24,667504123",CN por etapas (60),,,,"Comunidad Foral de Navarra, La Rioja","La Rioja, Navarra"
616,Camino Natural del Ebro,Etapa 19.2: Rincón del Soto - Castejón de Ebro,Camino Natural del Ebro Etapa 19.2: Rincón del Soto - Castejón de Ebro,"23,160749017",CN por etapas (60),,,,"Comunidad Foral de Navarra, La Rioja","La Rioja, Navarra"
617,Camino Natural del Ebro,Etapa 19: Ramal conexión etapa 19.2,Camino Natural del Ebro Etapa 19: Ramal conexión etapa 19.2,"1,68233232995",CN por etapas (60),,,,"Comunidad Foral de Navarra, La Rioja","La Rioja, Navarra"
624,Camino Natural del Ebro,Etapa 16: Oyón/Oion - Mendavia,Camino Natural del Ebro Etapa 16: Oyón/Oion - Mendavia,"29,6029270581",CN por etapas (60),,,,"Comunidad Foral de Navarra, La Rioja","La Rioja, Navarra"
626,Camino Natural del Ebro,Etapa 17: Mendavia - Lodosa,Camino Natural del Ebro Etapa 17: Mendavia - Lodosa,"18,1440584975",CN por etapas (60),,,,"Comunidad Foral de Navarra, La Rioja","La Rioja, Navarra"
627,Camino Natural del Ebro,Etapa 17.1: Agoncillo - Alcanadre,Camino Natural del Ebro Etapa 17.1: Agoncillo - Alcanadre,"20,8104877253",CN por etapas (60),,,,"Comunidad Foral de Navarra, La Rioja","La Rioja, Navarra"
628,Camino Natural del Ebro,Etapa 18: Sartaguda - San Adrián,Camino Natural del Ebro Etapa 18: Sartaguda - San Adrián,"15,127912935",CN por etapas (60),,,,"Comunidad Foral de Navarra, La Rioja","La Rioja, Navarra"
629,Camino Natural del Ebro,Etapa 18.1: Alcanadre - San Adrián,Camino Natural del Ebro Etapa 18.1: Alcanadre - San Adrián,"28,4970853702",CN por etapas (60),,,,"Comunidad Foral de Navarra, La Rioja","La Rioja, Navarra"
1080,GR-321. Etapa 02. Isaba-Arrakogoiti,,GR-321. Etapa 02. Isaba-Arrakogoiti ,"14,67",,,GRXX0321_00E002_0,,"Aragón, Comunidad Foral de Navarra","Huesca, Navarra"
1088,GR-321. Etapa 01. Burgui-Isaba,,GR-321. Etapa 01. Burgui-Isaba ,"22,35",,,GRXX0321_00E001_0,,"Aragón, Comunidad Foral de Navarra","Navarra, Zaragoza"
1105,GR-120. Etapa 03. Arantzazu-Araia,,GR-120. Etapa 03. Arantzazu-Araia ,"15,92",,,GRXX0120_00E003_0,,"Comunidad Foral de Navarra, País Vasco/Euskadi","Araba/Álava, Navarra"
1159,GR-99. Etapa 16. Oyón-Mendavia,,GR-99. Etapa 16. Oyón-Mendavia ,"31,29",,,GRXX0099_00E016_0,,"Comunidad Foral de Navarra, La Rioja","La Rioja, Navarra"
1220,GR-282. Etapa 13. San Vicente de Arana (Álava)-Urbasa (Navarra),,GR-282. Etapa 13. San Vicente de Arana (Álava)-Urbasa (Navarra) ,"32,48",,,GRXX0282_00E013_0,,"Comunidad Foral de Navarra, País Vasco/Euskadi","Araba/Álava, Navarra"
1279,GR-20.1. Etapa 01. Urkillaga-Lizarrusti,,GR-20.1. Etapa 01. Urkillaga-Lizarrusti ,"9,05",,,GRXX0020_01E000_0,,"Comunidad Foral de Navarra, País Vasco/Euskadi","Gipuzkoa, Navarra"
1287,GR-12. Etapa 01. Etxegarate-Alto de Lizarrusti,,GR-12. Etapa 01. Etxegarate-Alto de Lizarrusti ,"14,17",,,GRXX0012_00E001_0,,"Comunidad Foral de Navarra, País Vasco/Euskadi","Gipuzkoa, Navarra"
1300,GR-285. Etapa 03. Tolosa-Ereñotzu,,GR-285. Etapa 03. Tolosa-Ereñotzu ,"33,86",,,GRXX0285_00E003_0,,"Comunidad Foral de Navarra, País Vasco/Euskadi","Gipuzkoa, Navarra"
1309,GR-283. Etapa 01. Lizarrusti-Ordizia,,GR-283. Etapa 01. Lizarrusti-Ordizia ,"23,2",,,GRXX0283_00E001_0,,"Comunidad Foral de Navarra, País Vasco/Euskadi","Gipuzkoa, Navarra"
1339,GR-15. Etapa 13. Ansó-Collado de Algaraieta,,GR-15. Etapa 13. Ansó-Collado de Algaraieta ,"10,36",,,GRXX0015_00E013_0,,"Aragón, Comunidad Foral de Navarra","Huesca, Navarra, Zaragoza"
1537,GR-11. Etapa 08A. Isaba-Zuriza,,GR-11. Etapa 08A. Isaba-Zuriza ,"10,81",,,GRXX0011_00E008_A,,"Aragón, Comunidad Foral de Navarra","Huesca, Navarra"
1608,GR-20. Etapa 04. Iribas-Betelu,,GR-20. Etapa 04. Iribas-Betelu ,"10,61",,,GRXX0020_00E004_0,,"Comunidad Foral de Navarra, País Vasco/Euskadi","Gipuzkoa, Navarra"
1794,GR-283. Etapa 06. Etxegarate-Lizarrusti,,GR-283. Etapa 06. Etxegarate-Lizarrusti ,"15,28",,,GRXX0283_00E006_0,,"Comunidad Foral de Navarra, País Vasco/Euskadi","Gipuzkoa, Navarra"
1850,GR-282. Etapa 12. Antoñana-San Vicente de Arana,,GR-282. Etapa 12. Antoñana-San Vicente de Arana ,"32,65",,,GRXX0282_00E012_0,,"Comunidad Foral de Navarra, País Vasco/Euskadi","Araba/Álava, Navarra"
1894,GR-35. Etapa 03. Zaldibia-Lizarrusti,,GR-35. Etapa 03. Zaldibia-Lizarrusti ,"17,72",,,GRXX0035_00E003_0,,"Comunidad Foral de Navarra, País Vasco/Euskadi","Gipuzkoa, Navarra"
1969,GR-1. Etapa 42. Petilla de Aragón (Navarra)-Sos del Rey Católico,,GR-1. Etapa 42. Petilla de Aragón (Navarra)-Sos del Rey Católico ,"14,5",,,GRXX0001_00E042_0,,"Aragón, Comunidad Foral de Navarra","Navarra, Zaragoza"
2026,GR-121. Etapa 01. Hondarribia-Pasai Donibane,,GR-121. Etapa 01. Hondarribia-Pasai Donibane ,"21,62",,,GRXX0121_00E001_0,,"Comunidad Foral de Navarra, País Vasco/Euskadi","Gipuzkoa, Navarra"
2031,GR-121. Etapa 14. Ugaldetxo-Aritxulegi,,GR-121. Etapa 14. Ugaldetxo-Aritxulegi ,"18,91",,,GRXX0121_00E014_0,,"Comunidad Foral de Navarra, País Vasco/Euskadi","Gipuzkoa, Navarra"
2033,GR-20. Etapa 01. Lizarrusti-San Miguel de Aralar,,GR-20. Etapa 01. Lizarrusti-San Miguel de Aralar ,"15,45",,,GRXX0020_00E001_0,,"Comunidad Foral de Navarra, País Vasco/Euskadi","Gipuzkoa, Navarra"
2038,GR-20. Etapa 07. San Martín de Ataún (Elbarrena)-Lizarrusti,,GR-20. Etapa 07. San Martín de Ataún (Elbarrena)-Lizarrusti ,"13,61",,,GRXX0020_00E007_0,,"Comunidad Foral de Navarra, País Vasco/Euskadi","Gipuzkoa, Navarra"
2041,GR-11. Etapa 01. San Antón-Bera,,GR-11. Etapa 01. San Antón-Bera ,"31,48",,,GRXX0011_00E001_0,,"Comunidad Foral de Navarra, País Vasco/Euskadi","Gipuzkoa, Navarra"
2047,GR-12. Etapa 08. Puerto Iturzaeta-Belagua,,GR-12. Etapa 08. Puerto Iturzaeta-Belagua ,"16,57",,,GRXX0012_00E008_0,,"Aragón, Comunidad Foral de Navarra","Huesca, Navarra"
2111,GR-283. Etapa 05. Arantzazu-Etxegarate,,GR-283. Etapa 05. Arantzazu-Etxegarate ,"20,14",,,GRXX0283_00E005_0,,"Comunidad Foral de Navarra, País Vasco/Euskadi","Araba/Álava, Gipuzkoa, Navarra"
2263,GR-1. Etapa 43. Sos del Rey Católico-Límite con Navarra,,GR-1. Etapa 43. Sos del Rey Católico-Límite con Navarra ,"7,89",,,GRXX0001_00E043_0,,"Aragón, Comunidad Foral de Navarra","Navarra, Zaragoza"
2300,GR-12. Etapa 09. Belagua-Belagua,,GR-12. Etapa 09. Belagua-Belagua ,"22,69",,,GRXX0012_00E009_0,,"Aragón, Comunidad Foral de Navarra","Huesca, Navarra"
2302,GR-121. Etapa 12. Amezketa-Berastegi,,GR-121. Etapa 12. Amezketa-Berastegi ,"27,25",,,GRXX0121_00E012_0,,"Comunidad Foral de Navarra, País Vasco/Euskadi","Gipuzkoa, Navarra"
2305,GR-121. Etapa 13. Berastegui-Ugaldetxo,,GR-121. Etapa 13. Berastegui-Ugaldetxo ,"21,09",,,GRXX0121_00E013_0,,"Comunidad Foral de Navarra, País Vasco/Euskadi","Gipuzkoa, Navarra"
2306,GR-12. Etapa 02. Alto de Lizarrusti-Lekunberri,,GR-12. Etapa 02. Alto de Lizarrusti-Lekunberri ,"24,76",,,GRXX0012_00E002_0,,"Comunidad Foral de Navarra, País Vasco/Euskadi","Gipuzkoa, Navarra"
2307,GR-121. Etapa 11. Lizarrusti-Amezketa,,GR-121. Etapa 11. Lizarrusti-Amezketa ,"16,82",,,GRXX0121_00E011_0,,"Comunidad Foral de Navarra, País Vasco/Euskadi","Gipuzkoa, Navarra"
2311,GR-121. Etapa 15. Aritxulegi-Behovia,,GR-121. Etapa 15. Aritxulegi-Behovia ,"14,97",,,GRXX0121_00E015_0,,"Comunidad Foral de Navarra, País Vasco/Euskadi","Gipuzkoa, Navarra"
2326,GR-11.4. Etapa 01. Ateas de Belabarze-Puerto de los Navarros (Collado de Argibiela),,GR-11.4. Etapa 01. Ateas de Belabarze-Puerto de los Navarros (Collado de Argibiela) ,"12,59",,,GRXX0011_04E000_0,,"Aragón, Comunidad Foral de Navarra","Huesca, Navarra"
2329,GR-20. Etapa 05. Betelu-Amezketa (Guipúzcoa),,GR-20. Etapa 05. Betelu-Amezketa (Guipúzcoa) ,"13,57",,,GRXX0020_00E005_0,,"Comunidad Foral de Navarra, País Vasco/Euskadi","Gipuzkoa, Navarra"
2333,GR-282. Etapa 11. Okina-Antoñana,,GR-282. Etapa 11. Okina-Antoñana ,"32,65",,,GRXX0282_00E011_0,,"Comunidad Foral de Navarra, País Vasco/Euskadi","Araba/Álava, Navarra"
2336,GR-20. Etapa 06. Amezketa (Guipúzcoa)-San Martín de Ataún (Elbarrena),,GR-20. Etapa 06. Amezketa (Guipúzcoa)-San Martín de Ataún (Elbarrena) ,"14,42",,,GRXX0020_00E006_0,,"Comunidad Foral de Navarra, País Vasco/Euskadi","Gipuzkoa, Navarra"
2340,GR-285. Etapa 04. Ereñotzu-Behovia,,GR-285. Etapa 04. Ereñotzu-Behovia ,"41,91",,,GRXX0285_00E004_0,,"Comunidad Foral de Navarra, País Vasco/Euskadi","Gipuzkoa, Navarra"
2369,GR-65.3. Etapa 05A. Undués de Lerda-Límite con Navarra,,GR-65.3. Etapa 05A. Undués de Lerda-Límite con Navarra ,"3,12",,,GRXX0065_03E005_A,,"Aragón, Comunidad Foral de Navarra","Navarra, Zaragoza"
2388,GR-1. Etapa 51. Santa Cruz de Campezo-Angostina,,GR-1. Etapa 51. Santa Cruz de Campezo-Angostina ,"13,77",,,GRXX0001_00E051_0,,"Comunidad Foral de Navarra, País Vasco/Euskadi","Araba/Álava, Navarra"
2392,GR-1. Etapa 52. Antoñana-San Román de Campezo,,GR-1. Etapa 52. Antoñana-San Román de Campezo ,"8,74",,,GRXX0001_00E052_0,,"Comunidad Foral de Navarra, País Vasco/Euskadi","Araba/Álava, Navarra"
2407,GR-1. Etapa 53. San Román de Campezo-Bernedo,,GR-1. Etapa 53. San Román de Campezo-Bernedo ,"12,21",,,GRXX0001_00E053_0,,"Comunidad Foral de Navarra, País Vasco/Euskadi","Araba/Álava, Navarra"
2474,GR-1. Etapa 50. Nuestra Señora de Codés (Navarra)-Santa Cruz de Campezo (Álava),,GR-1. Etapa 50. Nuestra Señora de Codés (Navarra)-Santa Cruz de Campezo (Álava) ,"11,46",,,GRXX0001_00E050_0,,"Comunidad Foral de Navarra, País Vasco/Euskadi","Araba/Álava, Navarra"
2513,GR-25. Etapa 04. Zalduondo-Barria,,GR-25. Etapa 04. Zalduondo-Barria ,"12,65",,,GRXX0025_00E004_0,,"Comunidad Foral de Navarra, País Vasco/Euskadi","Araba/Álava, Navarra"
2514,GR-25. Etapa 03. San Román de San Millán-Zalduondo,,GR-25. Etapa 03. San Román de San Millán-Zalduondo ,"19,82",,,GRXX0025_00E003_0,,"Comunidad Foral de Navarra, País Vasco/Euskadi","Araba/Álava, Navarra"
2832,PR-GI 2004. Sendero Ausa-Gaztelu,,PR-GI 2004. Sendero Ausa-Gaztelu ,"10,6",,,PRGI2004_00E000_0,,"Comunidad Foral de Navarra, País Vasco/Euskadi","Gipuzkoa, Navarra"
3016,PR-GI 111. Berastegi-Berastegi,,PR-GI 111. Berastegi-Berastegi ,"11,62",,,PRGI0111_00E000_0,,"Comunidad Foral de Navarra, País Vasco/Euskadi","Gipuzkoa, Navarra"
3287,PR-GI 2009. Camino de Alotza,,PR-GI 2009. Camino de Alotza ,"8,63",,,PRGI2009_00E000_0,,"Comunidad Foral de Navarra, País Vasco/Euskadi","Gipuzkoa, Navarra"
3368,PR-GI 2006. Camino de la Mina,,PR-GI 2006. Camino de la Mina ,"5,33",,,PRGI2006_00E000_0,,"Comunidad Foral de Navarra, País Vasco/Euskadi","Gipuzkoa, Navarra"
3408,PR-GI 2005. Sendero Txindoki,,PR-GI 2005. Sendero Txindoki ,"14,92",,,PRGI2005_00E000_0,,"Comunidad Foral de Navarra, País Vasco/Euskadi","Gipuzkoa, Navarra"
3466,PR-GI 1010. Vuelta a las cimas de Aiako Harria,,PR-GI 1010. Vuelta a las cimas de Aiako Harria ,"10,8",,,PRGI1010_00E000_0,,"Comunidad Foral de Navarra, País Vasco/Euskadi","Gipuzkoa, Navarra"
3468,PR-NA 203. Larreria-Zemeto,,PR-NA 203. Larreria-Zemeto ,"11,87",,,PRNA0203_00E000_0,,"Aragón, Comunidad Foral de Navarra","Huesca, Navarra"
3481,PR-GI 1001. Bosques de Ugaldetxo,,PR-GI 1001. Bosques de Ugaldetxo ,"10,31",,,PRGI1001_00E000_0,,"Comunidad Foral de Navarra, País Vasco/Euskadi","Gipuzkoa, Navarra"
3484,PR-Z 115.B. Circular por Uncastillo,,PR-Z 115.B. Circular por Uncastillo ,"6,73",,,PRXZ0115_00E000_B,,"Aragón, Comunidad Foral de Navarra","Navarra, Zaragoza"
3490,PR-GI 1004. Vuelta a Aldura,,PR-GI 1004. Vuelta a Aldura ,"12,04",,,PRGI1004_00E000_0,,"Comunidad Foral de Navarra, País Vasco/Euskadi","Gipuzkoa, Navarra"
3502,PR-GI 2008. Travesía de las Malloas,,PR-GI 2008. Travesía de las Malloas ,"12,28",,,PRGI2008_00E000_0,,"Comunidad Foral de Navarra, País Vasco/Euskadi","Gipuzkoa, Navarra"
3507,PR-GI 1003. Vuelta a Urdalburu,,PR-GI 1003. Vuelta a Urdalburu ,"10,99",,,PRGI1003_00E000_0,,"Comunidad Foral de Navarra, País Vasco/Euskadi","Gipuzkoa, Navarra"
3510,PR-Z 106. Uncastillo-Castiliscar,,PR-Z 106. Uncastillo-Castiliscar ,"18,82",,,PRXZ0106_00E000_0,,"Aragón, Comunidad Foral de Navarra","Navarra, Zaragoza"
3547,PR-GI 2010. Camino Inirio,,PR-GI 2010. Camino Inirio ,"5,09",,,PRGI2010_00E000_0,,"Comunidad Foral de Navarra, País Vasco/Euskadi","Gipuzkoa, Navarra"
3571,PR-GI 1011. De Oiartzun a Aiako Harria,,PR-GI 1011. De Oiartzun a Aiako Harria ,"9,88",,,PRGI1011_00E000_0,,"Comunidad Foral de Navarra, País Vasco/Euskadi","Gipuzkoa, Navarra"
3579,PR-Z 112. Sos del Rey Católico-Sofuentes,,PR-Z 112. Sos del Rey Católico-Sofuentes ,"14,0",,,PRXZ0112_00E000_0,,"Aragón, Comunidad Foral de Navarra","Navarra, Zaragoza"
3586,PR-Z 115.A. Circular por Uncastillo,,PR-Z 115.A. Circular por Uncastillo ,"4,88",,,PRXZ0115_00E000_A,,"Aragón, Comunidad Foral de Navarra","Navarra, Zaragoza"
3641,PR-GI 2002. Vuelta a Intsusti,,PR-GI 2002. Vuelta a Intsusti ,"12,61",,,PRGI2002_00E000_0,,"Comunidad Foral de Navarra, País Vasco/Euskadi","Araba/Álava, Gipuzkoa, Navarra"
3659,PR-GI 2003. Sendero Arkaka-Lareo,,PR-GI 2003. Sendero Arkaka-Lareo ,"12,86",,,PRGI2003_00E000_0,,"Comunidad Foral de Navarra, País Vasco/Euskadi","Gipuzkoa, Navarra"
3673,PR-GI 2007. Vuelta a Zárate,,PR-GI 2007. Vuelta a Zárate ,"7,37",,,PRGI2007_00E000_0,,"Comunidad Foral de Navarra, País Vasco/Euskadi","Gipuzkoa, Navarra"
3797,PR-GI 1009. Minas de Arditurri,,PR-GI 1009. Minas de Arditurri ,"7,49",,,PRGI1009_00E000_0,,"Comunidad Foral de Navarra, País Vasco/Euskadi","Gipuzkoa, Navarra"
3854,PR-GI 208. Camino San Joan Iturri,,PR-GI 208. Camino San Joan Iturri ,"8,11",,,PRGI0208_00E000_0,,"Comunidad Foral de Navarra, País Vasco/Euskadi","Gipuzkoa, Navarra"
3857,PR-Z 113. Undués de Lerda-Camino de Salinas,,PR-Z 113. Undués de Lerda-Camino de Salinas ,"1,51",,,PRXZ0113_00E000_0,,"Aragón, Comunidad Foral de Navarra","Navarra, Zaragoza"
3965,PR-GI 3010. Bosques de La Parzonería,,PR-GI 3010. Bosques de La Parzonería ,"20,11",,,PRGI3010_00E000_0,,"Comunidad Foral de Navarra, País Vasco/Euskadi","Araba/Álava, Gipuzkoa, Navarra"
4112,PR-GI 2001. Caminos de Nafarroa,,PR-GI 2001. Caminos de Nafarroa ,"9,33",,,PRGI2001_00E000_0,,"Comunidad Foral de Navarra, País Vasco/Euskadi","Gipuzkoa, Navarra"
4149,PR-GI 1006. Corazón de Aiako Harria,,PR-GI 1006. Corazón de Aiako Harria ,"14,15",,,PRGI1006_00E000_0,,"Comunidad Foral de Navarra, País Vasco/Euskadi","Gipuzkoa, Navarra"
4162,PR-GI 113. Altzomendi,,PR-GI 113. Altzomendi ,"17,4",,,PRGI0113_00E000_0,,"Comunidad Foral de Navarra, País Vasco/Euskadi","Gipuzkoa, Navarra"
4163,PR-GI 1008. Fuente del río Tornola,,PR-GI 1008. Fuente del río Tornola ,"8,76",,,PRGI1008_00E000_0,,"Comunidad Foral de Navarra, País Vasco/Euskadi","Gipuzkoa, Navarra"
4164,PR-GI 1012. Vuelta a Meazuri,,PR-GI 1012. Vuelta a Meazuri ,"10,58",,,PRGI1012_00E000_0,,"Comunidad Foral de Navarra, País Vasco/Euskadi","Gipuzkoa, Navarra"
4169,PR-GI 1007. Antigua Via Férrea de Artikutza,,PR-GI 1007. Antigua Via Férrea de Artikutza ,"11,04",,,PRGI1007_00E000_0,,"Comunidad Foral de Navarra, País Vasco/Euskadi","Gipuzkoa, Navarra"
4206,SL-NA-078. Foz de Burgui,,SL-NA-078. Foz de Burgui ,"1,17",,,SLNA0078_00E000_0,,"Aragón, Comunidad Foral de Navarra","Navarra, Zaragoza"
4210,SL-GI-2008. Sendero Amundarainerraka,,SL-GI-2008. Sendero Amundarainerraka ,"3,85",,,SLGI2008_00E000_0,,"Comunidad Foral de Navarra, País Vasco/Euskadi","Gipuzkoa, Navarra"
4214,SL-GI-2007. Sendero Sara,,SL-GI-2007. Sendero Sara ,"7,32",,,SLGI2007_00E000_0,,"Comunidad Foral de Navarra, País Vasco/Euskadi","Araba/Álava, Gipuzkoa, Navarra"
4236,SL-GI-2005. Sendero Lareo,,SL-GI-2005. Sendero Lareo ,"6,89",,,SLGI2005_00E000_0,,"Comunidad Foral de Navarra, País Vasco/Euskadi","Gipuzkoa, Navarra"
4257,SL-NA-080. Arrako,,SL-NA-080. Arrako ,"5,45",,,SLNA0080_00E000_0,,"Aragón, Comunidad Foral de Navarra","Huesca, Navarra"
4262,SL-NA-073. Murmullos del Eska,,SL-NA-073. Murmullos del Eska ,"3,46",,,SLNA0073_00E000_0,,"Aragón, Comunidad Foral de Navarra","Navarra, Zaragoza"
4283,SL-NA-074. Ermita de Zuberoa,,SL-NA-074. Ermita de Zuberoa ,"6,05",,,SLNA0074_00E000_0,,"Aragón, Comunidad Foral de Navarra","Huesca, Navarra, Zaragoza"
4308,SL-NA-081. Mata de Haya-Dronda,,SL-NA-081. Mata de Haya-Dronda ,"4,49",,,SLNA0081_00E000_0,,"Aragón, Comunidad Foral de Navarra","Huesca, Navarra"
4309,SL-NA-079. Artikomendia,,SL-NA-079. Artikomendia ,"5,29",,,SLNA0079_00E000_0,,"Aragón, Comunidad Foral de Navarra","Huesca, Navarra"
4323,SL-GI-1006. Cascada de Aitzondo,,SL-GI-1006. Cascada de Aitzondo ,"6,36",,,SLGI1006_00E000_0,,"Comunidad Foral de Navarra, País Vasco/Euskadi","Gipuzkoa, Navarra"
4343,SL-GI-1004. Cima de Elorrieta,,SL-GI-1004. Cima de Elorrieta ,"4,62",,,SLGI1004_00E000_0,,"Comunidad Foral de Navarra, País Vasco/Euskadi","Gipuzkoa, Navarra"
4346,SL-GI-1005. El camino de los neveros,,SL-GI-1005. El camino de los neveros ,"4,57",,,SLGI1005_00E000_0,,"Comunidad Foral de Navarra, País Vasco/Euskadi","Gipuzkoa, Navarra"
4354,SL-NA-082. Zemeto,,SL-NA-082. Zemeto ,"4,05",,,SLNA0082_00E000_0,,"Aragón, Comunidad Foral de Navarra","Huesca, Navarra"
4355,SL-NA-072. Cueva de Azanzorea,,SL-NA-072. Cueva de Azanzorea ,"1,17",,,SLNA0072_00E000_0,,"Aragón, Comunidad Foral de Navarra","Navarra, Zaragoza"
4360,SL-GI-3004. Camino de los pastores de Otsuarte,,SL-GI-3004. Camino de los pastores de Otsuarte ,"5,05",,,SLGI3004_00E000_0,,"Comunidad Foral de Navarra, País Vasco/Euskadi","Araba/Álava, Gipuzkoa, Navarra"
4362,SL-GI-3003. Balcón de San Adrián,,SL-GI-3003. Balcón de San Adrián ,"5,05",,,SLGI3003_00E000_0,,"Comunidad Foral de Navarra, País Vasco/Euskadi","Araba/Álava, Gipuzkoa, Navarra"
4390,SL-GI-2009. Sendero Osinberde,,SL-GI-2009. Sendero Osinberde ,"3,43",,,SLGI2009_00E000_0,,"Comunidad Foral de Navarra, País Vasco/Euskadi","Gipuzkoa, Navarra"
4394,SL-GI-2004. Vuelta a Alleko,,SL-GI-2004. Vuelta a Alleko ,"3,14",,,SLGI2004_00E000_0,,"Comunidad Foral de Navarra, País Vasco/Euskadi","Gipuzkoa, Navarra"
4401,SL-GI-1007. Vuelta a Arditurri,,SL-GI-1007. Vuelta a Arditurri ,"3,35",,,SLGI1007_00E000_0,,"Comunidad Foral de Navarra, País Vasco/Euskadi","Gipuzkoa, Navarra"
4411,SL-GI-2001. Camino accesible de Larraitz,,SL-GI-2001. Camino accesible de Larraitz ,"1,45",,,SLGI2001_00E000_0,,"Comunidad Foral de Navarra, País Vasco/Euskadi","Gipuzkoa, Navarra"
4415,SL-GI-2006. Sendero Sara II,,SL-GI-2006. Sendero Sara II ,"1,86",,,SLGI2006_00E000_0,,"Comunidad Foral de Navarra, País Vasco/Euskadi","Araba/Álava, Gipuzkoa, Navarra"
4471,SL-GI-005. Fuente de San Juan (Baliarrain)-Fuente de San Juan (Baliarrain),,SL-GI-005. Fuente de San Juan (Baliarrain)-Fuente de San Juan (Baliarrain) ,"3,45",,,SLGI0005_00E000_0,,"Comunidad Foral de Navarra, País Vasco/Euskadi","Gipuzkoa, Navarra"
4547,VV del Irati,,VV del Irati ,"6,41",,,VVLUMB_068,Irati Railway Greenway,"Aragón, Comunidad Foral de Navarra","Navarra, Zaragoza"
4613,VV de Arditurri,,VV de Arditurri ,"12,14",,,VVARDI_012,Arditurri Greenway,"Comunidad Foral de Navarra, País Vasco/Euskadi","Gipuzkoa, Navarra"
4634,VV del Tarazónica,,VV del Tarazónica ,"21,82",,,VVTARA_120,Tarazonica Greenway,"Aragón, Comunidad Foral de Navarra","Navarra, Zaragoza"
